Dates,Region,Pollster,Sample,Voter_Type,Pollster_Grade,Biden,Sanders,Harris,Warren,Buttigieg,Booker,Yang,de Blasio,Williamson,O'Rourke,Delaney,Castro,Gabbard,Klobuchar,Steyer,Poll_End_Date,Cell,Landline,Text,Online,Mail
"Sep 17-20, 2019",National,HarrisX,761,LV,C+,32,15,5,20,5,3,2,0,1,2,0,1,1,1,1,9/20/2019,0.0,0.0,0.0,1.0,0.0
"Sep 13-20, 2019",National,HarrisX,"1,831",LV,C+,32,15,6,17,5,3,2,1,0,3,1,1,1,1,1,9/20/2019,0.0,0.0,0.0,1.0,0.0
"Sep 13-17, 2019",Iowa,Civiqs,572,LV,Missing,16,16,5,24,13,2,3,0,1,2,0,0,4,3,2,9/17/2019,0.0,0.0,0.0,1.0,0.0
"Sep 15-17, 2019",National,Fox News,480,LV,A,29,18,7,16,5,3,2,0,0,4,1,0,0,2,1,9/17/2019,789.0,219.0,0.0,0.0,0.0
"Sep 14-17, 2019",National,YouGov,603,LV,B,25,15,5,19,8,2,3,0,1,3,1,1,2,1,0,9/17/2019,0.0,0.0,0.0,1.0,0.0
"Sep 13-16, 2019",National,Civiqs,"1,291",LV,Missing,24,14,6,30,7,1,2,0,0,2,0,1,2,1,1,9/16/2019,0.0,0.0,0.0,1.0,0.0
"Sep 14-16, 2019",Iowa,David Binder Research,500,LV,Missing,25,9,5,23,12,2,2,0,0,1,1,1,1,8,3,9/16/2019,0.5,0.5,0.0,0.0,0.0
"Sep 13-16, 2019",California,Emerson College,424,LV,B+,26,26,6,20,4,1,7,0,0,5,0,1,2,0,1,9/16/2019,0.0,498.0,0.0,332.0,0.0
"Sep 13-16, 2019",National,HarrisX,812,LV,C+,33,14,7,14,5,4,2,1,0,2,1,2,0,1,1,9/16/2019,0.0,0.0,0.0,1.0,0.0
"Sep 12-16, 2019",New Jersey,Monmouth University,325,RV,A+,26,18,6,20,6,9,1,1,0,0,0,0,2,1,0,9/16/2019,354.0,359.0,0.0,0.0,0.0
"Sep 13-16, 2019",National,NBC News/Wall Street Journal,506,LV,A-,31,14,5,25,7,2,4,1,0,1,1,1,1,2,1,9/16/2019,289.0,217.0,0.0,0.0,0.0
"Sep 13-16, 2019",National,SurveyUSA,"1,017",LV,A,33,17,6,19,5,4,3,-1,-1,4,-1,1,-1,1,-1,9/16/2019,0.0,0.0,0.0,1.0,0.0
"Sep 12-15, 2019",California,Change Research,"3,325",LV,C+,18,23,11,25,10,2,3,0,1,2,0,1,2,1,0,9/15/2019,0.0,0.0,0.0,1.0,0.0
"Sep 12-15, 2019",Florida,Florida Atlantic University,407,LV,C+,34,14,4,24,5,1,2,1,0,2,0,0,1,0,0,9/15/2019,0.0,608.0,0.0,326.0,0.0
"Sep 13-15, 2019",National,Morning Consult,"7,487",LV,B-,32,20,6,18,5,3,3,0,1,4,1,1,1,2,1,9/15/2019,0.0,0.0,0.0,1.0,0.0
"Sep 13-15, 2019",California,SurveyUSA,547,LV,A,27,18,13,16,3,2,7,-1,-1,2,-1,2,-1,1,-1,9/15/2019,0.0,0.0,0.0,1.0,0.0
"Sep 13-15, 2019",Texas,University of Texas at Tyler,474,RV,Missing,28,17,6,11,4,6,1,0,0,19,1,4,0,0,1,9/15/2019,0.0,0.0,0.0,1.0,0.0
"Sep 1-13, 2019",California,Capitol Weekly,599,LV,Missing,18,21,11,29,7,1,4,0,1,2,0,1,2,1,0,9/13/2019,0.0,0.0,0.0,1.0,0.0
"Sep 9-12, 2019",Arizona,Bendixen & Amandi International,250,RV,B-,29,18,4,24,5,0,2,-1,1,4,-1,1,-1,1,-1,9/12/2019,0.5,0.5,0.0,0.0,0.0
"Sep 10-12, 2019",National,Civiqs,"1,784",LV,Missing,23,15,7,28,7,1,2,0,1,2,0,1,2,1,0,9/12/2019,0.0,0.0,0.0,1.0,0.0
"Sep 9-12, 2019",National,HarrisX,801,LV,C+,38,14,5,15,4,1,2,1,0,2,1,1,1,1,1,9/12/2019,0.0,0.0,0.0,1.0,0.0
"Sep 8-12, 2019",New York,Siena College,359,RV,A,22,15,4,17,3,0,1,-1,-1,0,-1,0,1,1,-1,9/12/2019,0.5,0.5,0.0,0.0,0.0
"Sep 7-11, 2019",Georgia,Change Research,755,LV,C+,33,17,7,22,7,2,3,-1,2,3,0,1,2,1,0,9/11/2019,0.0,0.0,0.0,1.0,0.0
"Sep 7-11, 2019",National,GQR Research,241,LV,B-,30,21,4,19,4,4,2,0,1,1,0,1,2,2,0,9/11/2019,0.5,0.5,0.0,0.0,0.0
"Sep 6-11, 2019",New Hampshire,HarrisX,595,LV,C+,22,21,5,15,5,3,2,1,1,1,1,0,6,1,2,9/11/2019,0.0,0.0,0.0,1.0,0.0
"Sep 9-10, 2019",National,Ipsos,557,RV,B+,22,16,4,11,4,3,3,0,0,2,-1,1,1,1,1,9/10/2019,0.0,0.0,0.0,1.0,0.0
"Sep 7-10, 2019",National,McLaughlin & Associates,454,LV,C-,28,21,6,12,6,4,2,1,2,3,0,2,2,1,0,9/10/2019,0.0,0.0,0.0,1.0,0.0
"Sep 4-10, 2019",New Hampshire,RKM Research and Communications Inc.,425,LV,A-,21,29,6,17,5,1,5,-1,0,2,-1,1,3,1,0,9/10/2019,340.0,85.0,0.0,0.0,0.0
"Sep 8-10, 2019",National,YouGov,632,LV,B,24,17,6,24,5,2,2,1,2,1,1,2,1,1,0,9/10/2019,0.0,0.0,0.0,1.0,0.0
"Sep 5-9, 2019",National,CNN/SSRS,908,RV,A-,24,17,8,18,6,2,2,1,1,5,0,1,2,1,1,9/9/2019,1051.0,588.0,0.0,0.0,0.0
"Sep 6-9, 2019",New Hampshire,Emerson College,483,LV,B+,24,13,8,21,11,4,3,0,1,1,3,0,6,1,1,9/9/2019,0.0,692.0,0.0,349.0,0.0
"Sep 4-9, 2019",Texas,Quinnipiac University,456,RV,A-,28,12,5,18,3,1,1,0,0,12,1,3,0,2,0,9/9/2019,0.5,0.5,0.0,0.0,0.0
"Sep 7-8, 2019",National,HarrisX,454,RV,C+,27,15,7,12,4,3,5,0,0,3,1,2,1,1,1,9/8/2019,0.0,0.0,0.0,1.0,0.0
"Sep 5-8, 2019",National,HarrisX,"1,350",RV,C+,27,17,6,13,5,3,3,1,0,3,0,2,1,1,1,9/8/2019,0.0,0.0,0.0,1.0,0.0
"Sep 2-8, 2019",National,Morning Consult,"17,824",LV,B-,33,21,7,16,5,3,3,1,1,3,1,1,1,1,1,9/8/2019,0.0,0.0,0.0,1.0,0.0
"Aug 12-Sep 8, 2019",National,USC Dornsife/LA Times,"2,462",LV,C,28,13,8,11,4,2,2,0,0,3,0,0,1,1,0,9/8/2019,0.0,0.0,0.0,0.0,1.0
"Aug 29-Sep 8, 2019",Texas,YouGov,552,LV,B,26,12,5,18,4,1,3,0,1,14,0,3,2,1,0,9/8/2019,0.0,0.0,0.0,1.0,0.0
"Aug 23-Sep 6, 2019",National,Benenson Strategy Group*,762,LV,B-,28,21,6,14,8,3,2,0,0,2,0,2,0,0,0,9/6/2019,0.5,0.5,0.0,0.0,0.0
"Aug 31-Sep 6, 2019",Texas,Univision/University of Houston/Latino Decisions/North Star Opinion Research,552,LV,Missing,20,13,5,12,1,3,1,0,0,19,1,12,1,0,1,9/6/2019,0.0,0.0,0.0,0.0,1.0
"Sep 2-6, 2019",National,YouGov,"1,002",LV,B,27,15,7,24,6,2,2,0,0,2,0,1,2,1,0,9/6/2019,0.0,0.0,0.0,1.0,0.0
"Sep 2-5, 2019",National,ABC News/Washington Post,391,RV,A+,29,19,7,18,4,1,3,1,0,3,0,0,2,2,1,9/5/2019,652.0,351.0,0.0,0.0,0.0
"Sep 3-5, 2019",Texas,Ragnar Research Partners,600,LV,Missing,23,12,7,15,6,1,-1,-1,-1,12,-1,2,4,-1,-1,9/5/2019,390.0,210.0,0.0,0.0,0.0
"Sep 3-5, 2019",Massachusetts,Suffolk University,500,LV,B+,26,8,3,24,5,1,1,0,0,1,0,0,2,0,0,9/5/2019,0.5,0.5,0.0,0.0,0.0
"Sep 1-4, 2019",National,HarrisX,842,LV,C+,33,15,6,15,6,2,2,1,1,3,0,1,1,1,1,9/4/2019,0.0,0.0,0.0,1.0,0.0
"Sep 3-4, 2019",National,TargetPoint/GQR Research,600,LV,Missing,26,15,5,23,5,1,-1,-1,-1,-1,-1,1,-1,2,-1,9/4/2019,0.5,0.5,0.0,0.0,0.0
"Aug 28-Sep 4, 2019",Iowa,YouGov,682,LV,B,29,26,6,17,7,2,1,1,0,2,1,1,1,2,2,9/4/2019,0.0,0.0,0.0,1.0,0.0
"Aug 28-Sep 4, 2019",Nevada,YouGov,563,LV,B,27,29,6,18,4,1,1,1,0,3,1,2,1,0,2,9/4/2019,0.0,0.0,0.0,1.0,0.0
"Aug 28-Sep 4, 2019",New Hampshire,YouGov,492,LV,B,26,25,7,27,8,2,1,0,0,1,0,0,1,1,1,9/4/2019,0.0,0.0,0.0,1.0,0.0
"Aug 28-Sep 4, 2019",South Carolina,YouGov,785,LV,B,43,18,7,14,4,2,1,1,0,1,1,0,1,1,1,9/4/2019,0.0,0.0,0.0,1.0,0.0
"Sep 1-3, 2019",National,YouGov,518,LV,B,26,14,5,21,6,1,3,2,1,1,1,2,3,0,0,9/3/2019,0.0,0.0,0.0,1.0,0.0
"Aug 26-Sep 1, 2019",National,Morning Consult,"16,736",LV,B-,32,20,8,16,5,3,3,0,1,3,1,1,1,1,1,9/1/2019,0.0,0.0,0.0,1.0,0.0
"Aug 1-31, 2019",California,Capitol Weekly,728,LV,Missing,27,14,12,23,9,1,3,0,2,2,1,1,3,1,1,8/31/2019,0.0,0.0,0.0,1.0,0.0
"Aug 28-31, 2019",National,HarrisX,"1,350",RV,C+,29,15,7,12,4,3,1,1,1,4,1,1,1,1,1,8/31/2019,0.0,0.0,0.0,1.0,0.0
"Aug 22-30, 2019",National,IBD/TIPP,360,RV,A-,28,12,6,24,5,4,1,0,0,0,0,1,0,1,0,8/30/2019,683.0,220.0,0.0,0.0,0.0
"Aug 28-29, 2019",National,Claster Consulting,752,LV,Missing,22,19,5,14,3,3,2,-1,1,2,-1,1,-1,2,0,8/29/2019,0.0,0.0,0.0,1.0,0.0
"Aug 25-29, 2019",Wisconsin,Marquette Law School,444,RV,A,28,20,3,17,6,1,2,-1,0,1,0,0,0,1,1,8/29/2019,496.0,304.0,0.0,0.0,0.0
"Aug 26-28, 2019",National,Harris Interactive,985,RV,C+,32,16,7,13,4,3,2,-1,0,4,1,1,1,1,1,8/28/2019,0.0,0.0,0.0,1.0,0.0
"Aug 24-27, 2019",National,HarrisX,775,LV,C+,37,13,6,13,4,3,2,0,1,3,0,1,1,1,2,8/27/2019,0.0,0.0,0.0,1.0,0.0
"Aug 24-27, 2019",National,YouGov,570,LV,B,24,14,8,20,5,1,2,1,1,2,0,2,2,1,1,8/27/2019,0.0,0.0,0.0,1.0,0.0
"Aug 23-26, 2019",National,Change Research,874,LV,C+,19,22,6,29,9,3,2,0,1,3,0,2,2,1,1,8/26/2019,0.0,0.0,0.0,1.0,0.0
"Aug 24-26, 2019",National,Emerson College,627,LV,B+,31,24,10,15,3,3,4,0,0,2,0,1,3,1,0,8/26/2019,0.0,955.0,0.0,503.0,0.0
"Aug 21-26, 2019",National,Quinnipiac University,648,RV,A-,32,15,7,19,5,1,3,1,1,1,0,0,1,1,0,8/26/2019,0.5,0.5,0.0,0.0,0.0
"Aug 20-25, 2019",Texas,Climate Nexus,639,LV,Missing,24,12,7,12,3,2,1,0,1,21,1,3,1,0,1,8/25/2019,0.0,0.0,0.0,1.0,0.0
"Aug 19-25, 2019",National,Morning Consult,"17,303",LV,B-,33,20,8,15,5,3,2,1,1,3,1,1,1,1,1,8/25/2019,0.0,0.0,0.0,1.0,0.0
"Aug 20-25, 2019",National,Suffolk University,424,LV,B+,32,12,6,14,6,2,3,0,0,2,0,1,0,0,0,8/25/2019,877.0,123.0,0.0,0.0,0.0
"Aug 16-25, 2019",Texas,Texas Lyceum,358,LV,Missing,24,13,4,15,3,2,2,0,1,18,0,4,1,3,0,8/25/2019,600.0,0.0,0.0,200.0,0.0
"Aug 23-24, 2019",National,HarrisX,465,RV,C+,30,17,4,14,4,2,2,0,1,3,0,1,1,1,1,8/24/2019,0.0,0.0,0.0,1.0,0.0
"Aug 16-23, 2019",National,HarrisX,"3,132",RV,C+,28,17,8,10,3,2,2,1,1,4,0,1,1,1,1,8/23/2019,0.0,0.0,0.0,1.0,0.0
"Aug 20-23, 2019",National,HarrisX,"1,343",RV,C+,28,18,7,12,3,2,2,1,1,3,1,1,0,1,1,8/23/2019,0.0,0.0,0.0,1.0,0.0
"Aug 19-21, 2019",National,Echelon Insights,479,RV,Missing,30,19,11,11,3,4,1,0,0,4,0,0,1,0,0,8/21/2019,0.0,0.0,0.0,1.0,0.0
"Aug 16-20, 2019",New Jersey,Change Research,635,LV,C+,26,21,8,23,12,5,1,0,0,2,-1,0,1,0,1,8/20/2019,0.0,0.0,0.0,1.0,0.0
"Aug 16-20, 2019",National,Monmouth University,298,RV,A+,19,20,8,20,4,4,3,1,2,2,0,2,1,1,0,8/20/2019,486.0,314.0,0.0,0.0,0.0
"Aug 17-20, 2019",National,YouGov,559,LV,B,22,19,8,17,7,2,1,1,0,3,0,1,2,0,0,8/20/2019,0.0,0.0,0.0,1.0,0.0
"Aug 16-19, 2019",Colorado,Emerson College,403,LV,B+,25,26,13,20,5,2,4,1,1,1,0,0,1,0,0,8/19/2019,0.0,656.0,0.0,344.0,0.0
"Aug 16-19, 2019",National,HarrisX,"1,341",RV,C+,27,17,8,9,3,3,2,1,1,4,0,1,1,1,1,8/19/2019,0.0,0.0,0.0,1.0,0.0
"Aug 15-18, 2019",National,CNN/SSRS,402,RV,A-,29,15,5,14,5,2,1,0,0,3,0,2,2,1,1,8/18/2019,650.0,351.0,0.0,0.0,0.0
"Aug 12-18, 2019",National,Morning Consult,"17,115",LV,B-,31,20,9,15,5,3,3,0,1,3,1,1,1,1,1,8/18/2019,0.0,0.0,0.0,1.0,0.0
"Aug 14-16, 2019",Nevada,Gravis Marketing,382,RV,C+,25,10,9,15,5,3,2,2,1,0,1,1,2,2,6,8/16/2019,0.5,0.5,0.0,0.5,0.0
"Aug 12-15, 2019",National,HarrisX,"1,336",RV,C+,28,14,8,12,3,2,3,1,0,3,1,1,1,1,1,8/15/2019,0.0,0.0,0.0,1.0,0.0
"Aug 11-13, 2019",National,Fox News,483,LV,A,31,10,8,20,3,3,3,1,1,2,1,1,1,2,1,8/13/2019,791.0,222.0,0.0,0.0,0.0
"Aug 10-13, 2019",National,YouGov,592,LV,B,21,16,8,20,5,2,1,0,1,5,0,1,2,1,1,8/13/2019,0.0,0.0,0.0,1.0,0.0
"Aug 9-12, 2019",South Carolina,Change Research,521,LV,C+,36,16,12,17,5,4,1,0,0,1,1,1,2,1,1,8/12/2019,0.0,0.0,0.0,1.0,0.0
"Aug 9-11, 2019",Iowa,Change Research,621,LV,C+,17,17,8,28,13,3,1,-1,0,3,0,1,2,2,2,8/11/2019,0.0,0.0,0.0,1.0,0.0
"Aug 9-11, 2019",Wisconsin,Change Research,626,LV,C+,20,24,5,29,9,1,2,-1,1,1,0,0,2,2,1,8/11/2019,0.0,0.0,0.0,1.0,0.0
"Aug 8-11, 2019",National,HarrisX,"1,350",RV,C+,30,17,6,9,5,2,2,0,0,4,0,1,1,1,1,8/11/2019,0.0,0.0,0.0,1.0,0.0
"Aug 5-11, 2019",National,Morning Consult,"17,117",LV,B-,33,20,9,14,5,3,2,0,1,3,1,1,1,1,1,8/11/2019,0.0,0.0,0.0,1.0,0.0
"Aug 9-10, 2019",National,HarrisX,451,RV,C+,31,16,7,10,4,1,1,0,2,4,1,2,1,2,1,8/10/2019,0.0,0.0,0.0,1.0,0.0
"Aug 2-8, 2019",Nevada,Change Research,439,LV,C+,26,22,10,23,7,0,1,-1,0,2,-1,1,1,1,3,8/8/2019,0.0,0.0,0.0,1.0,0.0
"Aug 4-7, 2019",National,HarrisX,"1,319",RV,C+,25,17,7,11,4,3,1,1,1,3,1,1,1,1,1,8/7/2019,0.0,0.0,0.0,1.0,0.0
"Aug 2-6, 2019",New Hampshire,Gravis Marketing,250,LV,C+,15,21,7,12,8,0,4,0,0,2,0,2,5,4,4,8/6/2019,0.5,0.5,0.0,0.5,0.0
"Aug 3-6, 2019",National,YouGov,573,LV,B,22,13,8,16,8,1,2,1,0,2,1,1,3,0,1,8/6/2019,0.0,0.0,0.0,1.0,0.0
"Aug 1-5, 2019",National,Ipsos,"1,023",RV,B+,25,20,7,10,5,3,2,1,0,2,0,1,1,1,0,8/5/2019,0.0,0.0,0.0,1.0,0.0
"Aug 1-5, 2019",National,Quinnipiac University,807,RV,A-,32,14,7,21,5,2,1,0,0,2,0,1,1,1,0,8/5/2019,0.5,0.5,0.0,0.0,0.0
"Aug 1-5, 2019",California,SurveyUSA,528,LV,A,25,18,17,21,6,1,1,0,0,0,0,0,1,0,0,8/5/2019,0.0,0.0,0.0,1.0,0.0
"Aug 1-5, 2019",National,SurveyUSA,999,LV,A,33,20,9,19,8,1,0,0,0,1,0,0,0,1,0,8/5/2019,0.0,0.0,0.0,1.0,0.0
"Aug 1-5, 2019",North Carolina,SurveyUSA,534,LV,A,36,15,8,13,5,1,1,0,0,0,0,1,1,0,0,8/5/2019,0.0,0.0,0.0,1.0,0.0
"Aug 2-4, 2019",National,Change Research,"1,450",LV,C+,23,23,7,26,9,2,2,0,0,2,0,1,2,1,0,8/4/2019,0.0,0.0,0.0,1.0,0.0
"Jul 29-Aug 4, 2019",Pennsylvania,Franklin & Marshall College,295,RV,B-,28,12,8,21,6,2,-1,-1,0,1,0,-1,1,0,-1,8/4/2019,0.0,0.0,0.0,0.0,1.0
"Aug 1-4, 2019",Iowa,Monmouth University,401,LV,A+,28,9,11,19,8,1,2,0,0,0,1,0,1,3,3,8/4/2019,225.0,176.0,0.0,0.0,0.0
"Aug 1-4, 2019",National,Morning Consult,"9,845",LV,B-,33,19,9,15,6,3,2,0,1,3,1,1,1,1,1,8/4/2019,0.0,0.0,0.0,1.0,0.0
"Jul 22-Aug 4, 2019",National,Pew Research Center,"1,757",RV,B-,26,12,11,16,5,1,1,-1,-1,1,-1,1,-1,1,-1,8/4/2019,0.0,0.0,0.0,1.0,0.0
"Aug 1-4, 2019",National,Public Policy Polling*,588,V,B,36,12,10,13,4,4,2,-1,-1,1,-1,1,-1,2,-1,8/4/2019,0.5,0.0,0.0,0.5,0.0
"Aug 1-4, 2019",New Hampshire,Suffolk University,500,LV,B+,21,17,8,14,6,1,1,0,1,0,1,0,3,1,1,8/4/2019,0.5,0.5,0.0,0.0,0.0
"Aug 1-4, 2019",Texas,University of Texas at Tyler,534,RV,Missing,24,18,5,10,5,2,2,1,1,23,0,4,1,0,1,8/4/2019,0.0,0.0,0.0,1.0,0.0
"Aug 1-3, 2019",Texas,Emerson College,400,LV,B+,28,16,5,14,7,2,3,0,0,19,0,2,1,0,0,8/3/2019,0.0,671.0,0.0,374.0,0.0
"Jul 31-Aug 3, 2019",National,HarrisX,"1,350",RV,C+,29,16,7,9,3,3,2,0,1,2,1,1,2,1,1,8/3/2019,0.0,0.0,0.0,1.0,0.0
"Jul 31-Aug 2, 2019",National,HarrisX,914,RV,C+,28,16,8,8,3,3,2,0,1,3,1,1,3,1,1,8/2/2019,0.0,0.0,0.0,1.0,0.0
"Jul 31-Aug 1, 2019",National,Harris Interactive,585,RV,C+,34,17,9,8,4,2,1,-1,0,3,0,1,0,1,1,8/1/2019,0.0,0.0,0.0,1.0,0.0
"Jul 25-Aug 1, 2019",National,IBD/TIPP,350,RV,A-,30,12,11,17,6,2,0,0,0,1,0,0,1,1,-1,8/1/2019,710.0,192.0,0.0,0.0,0.0
1-Aug-19,National,Morning Consult,"2,419",LV,B-,32,18,10,15,6,3,2,0,1,3,1,1,1,1,1,8/1/2019,0.0,0.0,0.0,1.0,0.0
"Jul 22-Aug 1, 2019",Washington,Zogby Interactive/JZ Analytics,619,LV,C,19,18,9,14,5,1,2,-1,-1,2,1,2,-1,1,-1,8/1/2019,0.0,0.0,0.0,1.0,0.0
"Jul 1-31, 2019",California,Capitol Weekly,739,LV,Missing,21,15,21,24,8,1,2,0,0,2,0,2,1,1,0,7/31/2019,0.0,0.0,0.0,1.0,0.0
31-Jul-19,National,Morning Consult,"2,410",LV,B-,34,19,10,14,6,3,1,0,1,2,1,1,1,1,1,7/31/2019,0.0,0.0,0.0,1.0,0.0
"Jul 28-30, 2019",National,HarrisX,868,RV,C+,30,15,8,8,3,2,1,1,0,3,0,2,0,1,1,7/30/2019,0.0,0.0,0.0,1.0,0.0
30-Jul-19,National,Morning Consult,"2,485",LV,B-,35,18,12,13,5,3,2,1,0,2,1,1,1,1,1,7/30/2019,0.0,0.0,0.0,1.0,0.0
"Jul 27-30, 2019",National,YouGov,629,LV,B,26,13,10,18,5,2,1,1,0,2,1,2,2,1,0,7/30/2019,0.0,0.0,0.0,1.0,0.0
"Jul 27-29, 2019",National,Emerson College,520,LV,B+,33,20,11,14,6,0,2,1,0,4,1,1,1,0,2,7/29/2019,0.0,794.0,0.0,439.0,0.0
29-Jul-19,National,Morning Consult,"2,503",LV,B-,34,18,11,14,5,2,1,0,1,3,0,1,1,1,1,7/29/2019,0.0,0.0,0.0,1.0,0.0
"Jul 26-29, 2019",Illinois,Victory Research,"1,200",LV,Missing,36,15,9,13,9,1,0,0,0,2,-1,1,0,2,1,7/29/2019,698.0,502.0,0.0,0.0,0.0
"Jul 18-28, 2019",National,GQR Research,471,LV,B-,31,22,12,15,8,1,1,0,0,2,0,0,1,2,-1,7/28/2019,0.5,0.5,0.0,0.0,0.0
"Jul 27-28, 2019",National,HarrisX,444,RV,C+,34,20,9,12,5,1,1,0,0,4,1,1,0,1,1,7/28/2019,0.0,0.0,0.0,1.0,0.0
"Jul 23-28, 2019",National,McLaughlin & Associates,468,LV,C-,28,15,10,9,3,3,2,1,1,4,1,1,1,0,1,7/28/2019,0.0,0.0,0.0,1.0,0.0
"Jul 22-28, 2019",National,Morning Consult,"16,959",LV,B-,33,18,12,13,5,3,2,1,1,3,1,1,1,1,1,7/28/2019,0.0,0.0,0.0,1.0,0.0
28-Jul-19,National,Morning Consult,"2,408",LV,B-,34,18,12,14,5,2,2,0,0,3,0,1,1,1,1,7/28/2019,0.0,0.0,0.0,1.0,0.0
"Jul 25-28, 2019",National,Quinnipiac University,579,RV,A-,34,11,12,15,6,1,2,0,1,2,0,0,1,1,0,7/28/2019,0.5,0.5,0.0,0.0,0.0
"Jul 23-27, 2019",National,Echelon Insights,510,RV,Missing,33,14,11,10,5,1,1,0,0,3,0,1,2,0,0,7/27/2019,0.0,0.0,0.0,1.0,0.0
27-Jul-19,National,Morning Consult,"2,345",LV,B-,34,19,11,14,4,2,2,0,1,3,0,1,1,1,1,7/27/2019,0.0,0.0,0.0,1.0,0.0
"Jul 17-27, 2019",Oklahoma,SoonerPoll.com,152,LV,B-,26,5,8,12,6,2,-1,0,1,1,1,0,0,1,0,7/27/2019,159.0,214.0,0.0,0.0,0.0
"Jul 24-27, 2019",Texas,University of Texas at Tyler,554,RV,Missing,19,14,8,9,2,1,0,0,1,38,0,2,1,0,0,7/27/2019,0.0,0.0,0.0,1.0,0.0
"Jul 23-26, 2019",National,Change Research,"1,204",LV,C+,20,20,15,22,9,1,3,0,0,2,0,1,2,3,0,7/26/2019,0.0,0.0,0.0,1.0,0.0
26-Jul-19,National,Morning Consult,"2,345",LV,B-,33,18,12,14,6,3,2,1,1,3,0,1,0,1,1,7/26/2019,0.0,0.0,0.0,1.0,0.0
"Jul 23-25, 2019",Iowa,Firehouse Strategies/Øptimus,630,LV,C-,23,11,12,23,7,2,0,-1,-1,2,-1,-1,-1,-1,-1,7/25/2019,113.0,224.0,221.0,0.0,0.0
"Jul 23-25, 2019",New Hampshire,Firehouse Strategies/Øptimus,587,LV,C-,22,13,13,16,8,1,1,-1,-1,0,-1,-1,-1,-1,-1,7/25/2019,143.0,231.0,144.0,0.0,0.0
"Jul 23-25, 2019",South Carolina,Firehouse Strategies/Øptimus,554,LV,C-,31,9,10,12,4,2,1,-1,-1,0,-1,-1,-1,-1,-1,7/25/2019,121.0,254.0,182.0,0.0,0.0
25-Jul-19,National,Morning Consult,"2,417",LV,B-,31,18,13,13,6,3,2,1,1,3,1,2,1,1,1,7/25/2019,0.0,0.0,0.0,1.0,0.0
"Jul 12-25, 2019",National,USC Dornsife/LA Times,"1,827",LV,C,28,11,10,10,5,1,1,1,0,3,0,1,0,1,0,7/25/2019,0.0,0.0,0.0,0.0,1.0
"Jul 21-23, 2019",National,Fox News,455,LV,A,33,15,10,12,5,2,3,1,0,2,1,1,0,3,1,7/23/2019,787.0,217.0,0.0,0.0,0.0
"Jul 14-23, 2019",California,Public Policy Institute of California,766,LV,A,11,12,19,15,5,-1,-1,-1,-1,-1,-1,-1,-1,-1,-1,7/23/2019,1194.0,512.0,0.0,0.0,0.0
"Jul 21-23, 2019",National,YouGov,600,LV,B,25,13,9,18,6,2,2,1,0,2,0,3,2,1,1,7/23/2019,0.0,0.0,0.0,1.0,0.0
"Jul 18-22, 2019",South Carolina,Monmouth University,405,LV,A+,39,10,12,9,5,2,0,0,0,1,0,0,0,1,2,7/22/2019,243.0,162.0,0.0,0.0,0.0
"Jul 17-22, 2019",Ohio,Quinnipiac University,556,RV,A-,31,14,14,13,6,1,1,0,0,1,0,1,1,1,1,7/22/2019,0.5,0.5,0.0,0.0,0.0
"Jul 15-21, 2019",National,Morning Consult,"17,285",LV,B-,33,18,13,14,5,2,2,1,1,3,1,1,1,1,1,7/21/2019,0.0,0.0,0.0,1.0,0.0
"Jul 9-18, 2019",California,YouGov,"1,404",LV,B,24,16,23,19,6,1,1,0,1,1,0,1,1,1,1,7/18/2019,0.0,0.0,0.0,1.0,0.0
"Jul 9-18, 2019",Iowa,YouGov,576,LV,B,24,19,16,17,7,3,0,0,0,1,1,2,0,4,2,7/18/2019,0.0,0.0,0.0,1.0,0.0
"Jul 9-18, 2019",New Hampshire,YouGov,504,LV,B,27,20,12,18,7,1,1,0,0,2,1,1,2,1,1,7/18/2019,0.0,0.0,0.0,1.0,0.0
"Jul 9-18, 2019",South Carolina,YouGov,915,LV,B,39,17,12,12,5,3,1,0,1,2,1,0,0,1,1,7/18/2019,0.0,0.0,0.0,1.0,0.0
"Jul 9-18, 2019",Texas,YouGov,838,LV,B,27,12,12,16,4,0,1,0,0,17,1,4,1,1,0,7/18/2019,0.0,0.0,0.0,1.0,0.0
"Jul 14-17, 2019",Michigan,Climate Nexus,324,LV,Missing,35,16,8,14,4,2,1,0,0,1,0,0,1,1,1,7/17/2019,0.0,0.0,0.0,1.0,0.0
"Jul 15-17, 2019",National,HarrisX,910,RV,C+,26,14,10,9,4,2,1,0,0,4,1,1,0,1,1,7/17/2019,0.0,0.0,0.0,1.0,0.0
"Jul 2-16, 2019",Georgia,SurveyMonkey,402,RV,D-,31,12,15,13,5,2,4,0,0,1,0,3,0,2,-1,7/16/2019,0.0,0.0,0.0,1.0,0.0
"Jul 2-16, 2019",Mississippi,SurveyMonkey,282,RV,D-,47,21,8,7,3,3,0,0,2,0,0,0,0,1,-1,7/16/2019,0.0,0.0,0.0,1.0,0.0
"Jul 2-16, 2019",National,SurveyMonkey,"5,548",RV,D-,25,16,14,16,8,3,2,1,1,3,0,2,1,1,-1,7/16/2019,0.0,0.0,0.0,1.0,0.0
"Jul 2-16, 2019",Tennessee,SurveyMonkey,128,RV,D-,33,13,12,18,6,1,0,0,0,1,0,1,1,1,-1,7/16/2019,0.0,0.0,0.0,1.0,0.0
"Jul 2-16, 2019",Alabama,SurveyMonkey,257,RV,D-,36,15,13,9,5,2,1,1,1,1,1,0,0,0,-1,7/16/2019,0.0,0.0,0.0,1.0,0.0
"Jul 14-16, 2019",National,YouGov,572,LV,B,23,13,10,15,7,3,1,2,0,2,0,1,1,1,1,7/16/2019,0.0,0.0,0.0,1.0,0.0
"Jul 10-15, 2019",California,Quinnipiac University,519,RV,A-,21,18,23,16,3,1,2,0,0,1,0,1,0,0,0,7/15/2019,0.5,0.5,0.0,0.0,0.0
"Jul 8-15, 2019",New Hampshire,University of New Hampshire,386,LV,B,24,19,9,19,10,2,1,0,1,2,1,0,1,0,0,7/15/2019,313.0,73.0,0.0,0.0,0.0
"Jul 8-14, 2019",National,Morning Consult,"16,504",LV,B-,32,19,13,14,5,2,2,0,0,3,1,1,1,1,-1,7/14/2019,0.0,0.0,0.0,1.0,0.0
"Jul 12-14, 2019",Colorado,Public Policy Polling*,561,V,B,22,15,9,19,7,-1,-1,-1,-1,1,-1,-1,-1,-1,-1,7/14/2019,0.5,0.0,0.0,0.5,0.0
"Jul 3-14, 2019",National,YouGov,"1,097",LV,B,25,16,17,23,6,1,2,0,1,3,1,2,2,0,-1,7/14/2019,0.0,0.0,0.0,1.0,0.0
"Jul 12-13, 2019",National,HarrisX,446,RV,C+,29,16,11,9,1,1,0,1,0,3,1,1,1,1,0,7/13/2019,0.0,0.0,0.0,1.0,0.0
"Jul 10-12, 2019",New Hampshire,Saint Anselm College,351,LV,Missing,21,10,18,17,12,1,5,-1,2,0,-1,-1,1,3,-1,7/12/2019,0.5,0.5,0.0,0.0,0.0
"Jul 9-11, 2019",California,Change Research,"1,609",LV,C+,17,20,23,22,8,1,2,0,0,2,0,1,2,1,0,7/11/2019,0.0,0.0,0.0,1.0,0.0
"Jul 10-11, 2019",Missouri,Remington Research Group,"1,122",LV,C,43,4,13,15,5,-1,-1,-1,-1,-1,-1,-1,-1,-1,-1,7/11/2019,400.0,1600.0,0.0,0.0,0.0
"Jul 7-10, 2019",South Carolina,Fox News,701,LV,A,35,14,12,5,2,3,1,0,1,0,1,0,0,0,0,7/10/2019,430.0,271.0,0.0,0.0,0.0
"Jul 6-9, 2019",New Hampshire,Change Research,"1,084",LV,C+,19,20,15,22,13,1,1,0,1,1,0,0,3,1,-1,7/9/2019,0.0,0.0,0.0,1.0,0.0
"Jul 7-9, 2019",National,NBC News/Wall Street Journal,400,LV,A-,26,13,13,19,7,1,2,0,1,2,1,1,0,1,-1,7/9/2019,451.0,359.0,0.0,0.0,0.0
"Jul 7-9, 2019",National,YouGov,592,LV,B,22,11,14,17,5,1,1,1,0,2,0,2,2,1,-1,7/9/2019,0.0,0.0,0.0,1.0,0.0
"Jul 6-8, 2019",National,Emerson College,481,LV,B+,30,15,15,15,5,2,3,0,0,4,0,0,2,1,-1,7/8/2019,0.0,724.0,0.0,376.0,0.0
"Jul 1-7, 2019",National,Morning Consult,"16,599",LV,B-,31,19,14,13,6,2,1,1,1,3,1,1,1,1,-1,7/7/2019,0.0,0.0,0.0,1.0,0.0
"Jun 29-Jul 4, 2019",Iowa,Change Research,420,LV,C+,16,16,16,18,25,1,1,-1,0,2,1,1,1,1,-1,7/4/2019,0.0,0.0,0.0,1.0,0.0
"Jun 29-Jul 4, 2019",New Hampshire,Change Research,420,LV,C+,13,26,13,24,14,2,2,-1,0,2,0,0,2,1,-1,7/4/2019,0.0,0.0,0.0,1.0,0.0
"Jun 29-Jul 4, 2019",South Carolina,Change Research,421,LV,C+,27,16,21,15,6,6,1,-1,1,1,1,1,2,0,-1,7/4/2019,0.0,0.0,0.0,1.0,0.0
"Jun 28-Jul 2, 2019",National,Ipsos,"1,173",RV,B+,24,17,11,11,4,1,3,0,0,3,0,1,0,1,-1,7/2/2019,0.0,0.0,0.0,1.0,0.0
"Jun 30-Jul 2, 2019",National,YouGov,631,LV,B,21,10,13,18,9,2,0,1,0,3,0,2,1,1,-1,7/2/2019,0.0,0.0,0.0,1.0,0.0
"Jun 27-Jul 2, 2019",National,YouGov Blue/Data for Progress,"1,522",LV,Missing,23,15,17,22,7,2,2,0,0,2,1,1,1,1,-1,7/2/2019,0.0,0.0,0.0,1.0,0.0
"Jun 28-Jul 1, 2019",National,ABC News/Washington Post,397,RV,A+,30,19,13,12,4,1,0,0,1,2,0,3,1,2,-1,7/1/2019,650.0,350.0,0.0,0.0,0.0
"Jun 28-Jul 1, 2019",National,Change Research,"1,185",LV,C+,18,17,21,22,10,0,2,0,1,2,1,1,1,1,-1,7/1/2019,0.0,0.0,0.0,1.0,0.0
"Jun 29-Jul 1, 2019",Iowa,David Binder Research,600,LV,Missing,17,12,18,20,10,2,1,1,1,1,1,1,1,4,-1,7/1/2019,0.5,0.5,0.0,0.0,0.0
"Jun 29-Jul 1, 2019",National,HarrisX,882,RV,C+,28,14,13,9,4,2,1,1,1,3,1,2,1,1,-1,7/1/2019,0.0,0.0,0.0,1.0,0.0
"Jun 28-Jul 1, 2019",National,Quinnipiac University,554,RV,A-,22,13,20,14,4,3,1,0,0,1,0,1,1,1,-1,7/1/2019,0.5,0.5,0.0,0.0,0.0
"Jun 28-Jul 1, 2019",Iowa,Suffolk University,500,LV,B+,24,9,16,13,6,2,1,0,0,1,1,1,1,2,-1,7/1/2019,0.5,0.5,0.0,0.0,0.0
"Jun 1-30, 2019",California,Capitol Weekly,703,LV,Missing,23,19,14,23,8,2,2,0,0,2,0,0,2,1,-1,6/30/2019,0.0,0.0,0.0,1.0,0.0
"Jun 28-30, 2019",National,CNN/SSRS,656,RV,A-,22,14,17,15,4,3,1,1,0,3,0,1,1,2,-1,6/30/2019,1048.0,565.0,0.0,0.0,0.0
"Jun 29-30, 2019",National,HarrisX,449,RV,C+,33,15,11,9,6,2,1,0,0,4,0,1,1,0,-1,6/30/2019,0.0,0.0,0.0,1.0,0.0
"Jun 27-30, 2019",National,Morning Consult,"2,485",LV,B-,31,17,17,14,6,3,1,0,0,2,0,2,1,1,-1,6/30/2019,0.0,0.0,0.0,1.0,0.0
"Jun 26-29, 2019",National,Harris Interactive,845,RV,C+,34,15,9,11,3,3,1,-1,0,2,1,1,2,1,-1,6/29/2019,0.0,0.0,0.0,1.0,0.0
"Jun 26-28, 2019",National,HarrisX,888,RV,C+,30,20,5,10,4,3,1,1,0,3,0,1,1,1,-1,6/28/2019,0.0,0.0,0.0,1.0,0.0
"Jun 27-28, 2019",National,Morning Consult,"2,407",LV,B-,33,19,12,12,6,3,2,1,0,2,1,1,1,1,-1,6/28/2019,0.0,0.0,0.0,1.0,0.0
"Jun 26-27, 2019",National,Morning Consult,"2,041",LV,B-,33,17,7,17,5,4,1,1,0,3,0,3,1,1,-1,6/27/2019,0.0,0.0,0.0,1.0,0.0
"Jun 24-26, 2019",National,HarrisX,892,RV,C+,29,17,6,9,3,1,1,1,1,4,1,1,0,1,-1,6/26/2019,0.0,0.0,0.0,1.0,0.0
"Jun 19-26, 2019",National,Morning Consult,"7,150",LV,B-,35,18,6,12,6,3,1,0,0,4,0,1,0,1,-1,6/26/2019,0.0,0.0,0.0,1.0,0.0
"Jun 25-26, 2019",National,YouGov Blue/Data for Progress,"1,402",LV,Missing,30,16,7,24,7,2,2,0,0,3,0,1,1,1,-1,6/26/2019,0.0,0.0,0.0,1.0,0.0
"Jun 22-25, 2019",National,Echelon Insights,484,RV,Missing,32,15,6,11,9,2,1,1,0,3,0,0,0,1,-1,6/25/2019,0.0,0.0,0.0,1.0,0.0
"Jun 22-25, 2019",National,YouGov,522,LV,B,24,15,7,18,5,2,1,1,0,3,0,1,3,1,-1,6/25/2019,0.0,0.0,0.0,1.0,0.0
"Jun 21-24, 2019",National,Emerson College,457,LV,B+,34,27,7,14,6,3,1,0,0,1,0,0,0,1,-1,6/24/2019,0.0,697.0,0.0,399.0,0.0
24-Jun-19,Maine,Gravis Marketing,243,RV,C+,25,15,2,17,8,3,5,0,3,1,-1,0,0,0,-1,6/24/2019,0.5,0.5,0.0,0.5,0.0
"Jun 18-24, 2019",National,McLaughlin & Associates,459,LV,C-,34,17,6,11,6,2,1,1,0,4,0,0,1,1,-1,6/24/2019,0.0,0.0,0.0,1.0,0.0
"Jun 17-23, 2019",National,Morning Consult,"16,188",LV,B-,38,19,6,13,7,3,2,1,0,4,1,1,1,1,-1,6/23/2019,0.0,0.0,0.0,1.0,0.0
"Jun 22-23, 2019",Florida,St. Pete Polls,"2,022",LV,B-,47,8,6,12,8,3,-1,-1,-1,2,-1,-1,-1,-1,-1,6/23/2019,0.0,2022.0,0.0,0.0,0.0
"Jun 19-21, 2019",National,Change Research,"1,071",LV,C+,24,22,8,22,13,2,1,0,0,2,0,1,1,1,-1,6/21/2019,0.0,0.0,0.0,1.0,0.0
"Jun 20-21, 2019",Mississippi,Chism Strategies,523,LV,Missing,50,7,5,7,2,2,0,1,0,1,1,-1,-1,1,-1,6/21/2019,0.0,256.0,267.0,0.0,0.0
"Jun 17-20, 2019",Iowa,Change Research,308,LV,C+,27,18,4,20,17,5,1,0,0,1,2,1,1,2,-1,6/20/2019,0.0,0.0,0.0,1.0,0.0
"Jun 17-20, 2019",New Hampshire,Change Research,308,LV,C+,24,28,3,21,14,0,1,0,0,4,1,0,1,1,-1,6/20/2019,0.0,0.0,0.0,1.0,0.0
"Jun 17-20, 2019",South Carolina,Change Research,308,LV,C+,39,13,9,15,11,5,2,1,0,5,0,0,0,0,-1,6/20/2019,0.0,0.0,0.0,1.0,0.0
"Jun 16-18, 2019",National,YouGov,576,LV,B,26,13,7,14,9,2,1,1,0,4,1,1,1,1,-1,6/18/2019,0.0,0.0,0.0,1.0,0.0
"Jun 16-17, 2019",Florida,Change Research,"1,130",LV,C+,33,20,7,15,15,2,3,-1,0,3,0,1,0,2,-1,6/17/2019,0.0,0.0,0.0,1.0,0.0
"Jun 12-17, 2019",National,Monmouth University,306,RV,A+,32,14,8,15,5,2,2,1,1,3,0,0,1,1,-1,6/17/2019,450.0,301.0,0.0,0.0,0.0
"Jun 12-17, 2019",Florida,Quinnipiac University,417,RV,A-,41,14,6,12,8,1,0,0,0,1,0,0,0,1,-1,6/17/2019,0.5,0.5,0.0,0.0,0.0
"Jun 10-16, 2019",National,Morning Consult,"17,226",LV,B-,38,19,7,11,7,3,1,0,1,4,1,1,1,1,-1,6/16/2019,0.0,0.0,0.0,1.0,0.0
"Jun 14-15, 2019",National,HarrisX,424,RV,C+,35,13,5,7,4,3,0,0,0,6,1,2,0,1,-1,6/15/2019,0.0,0.0,0.0,1.0,0.0
"Jun 11-15, 2019",National,Suffolk University,385,LV,B+,30,15,8,10,9,2,1,0,0,2,0,1,0,0,-1,6/15/2019,822.0,178.0,0.0,0.0,0.0
"Jun 11-14, 2019",South Carolina,Change Research,933,LV,C+,37,9,9,17,11,5,3,1,1,4,0,-1,1,1,-1,6/14/2019,0.0,0.0,0.0,1.0,0.0
"Jun 10-13, 2019",National,WPA Intelligence*,"1,000",LV,B,35,14,9,10,8,3,1,0,0,4,0,1,0,1,-1,6/13/2019,0.0,0.0,0.0,0.0,1.0
"Jun 8-12, 2019",Minnesota,Change Research,772,LV,C+,20,19,4,21,11,1,2,-1,0,3,0,1,0,16,-1,6/12/2019,0.0,0.0,0.0,1.0,0.0
"Jun 9-12, 2019",National,Fox News,449,LV,A,32,13,8,9,8,3,2,0,0,4,1,1,1,2,-1,6/12/2019,783.0,218.0,0.0,0.0,0.0
"May 31-Jun 12, 2019",Iowa,YouGov,441,LV,B,30,22,5,12,11,3,0,0,0,4,2,0,1,4,-1,6/12/2019,0.0,0.0,0.0,1.0,0.0
"May 31-Jun 12, 2019",New Hampshire,YouGov,448,LV,B,33,20,7,17,10,3,1,0,0,4,0,0,0,1,-1,6/12/2019,0.0,0.0,0.0,1.0,0.0
"May 31-Jun 12, 2019",South Carolina,YouGov,559,LV,B,45,18,7,8,6,4,1,0,0,4,0,0,0,1,-1,6/12/2019,0.0,0.0,0.0,1.0,0.0
"Jun 7-11, 2019",Florida,Climate Nexus,676,RV,Missing,32,16,6,10,6,2,2,1,0,2,2,0,0,1,-1,6/11/2019,0.0,0.0,0.0,1.0,0.0
"Jun 6-11, 2019",Nevada,Monmouth University,370,LV,A+,36,13,6,19,7,2,2,0,1,2,0,1,1,1,-1,6/11/2019,239.0,131.0,0.0,0.0,0.0
"Jun 9-11, 2019",National,YouGov,513,LV,B,26,12,6,16,8,2,1,1,0,3,0,1,0,1,-1,6/11/2019,0.0,0.0,0.0,1.0,0.0
"Jun 5-10, 2019",National,Change Research,"1,621",LV,C+,26,21,8,19,14,1,1,0,0,3,0,0,1,1,-1,6/10/2019,0.0,0.0,0.0,1.0,0.0
"Jun 6-10, 2019",National,Quinnipiac University,503,RV,A-,30,19,7,15,8,1,1,0,0,3,0,0,0,1,-1,6/10/2019,0.5,0.5,0.0,0.0,0.0
"Jun 4-10, 2019",California,UC Berkeley,"2,131",LV,Missing,22,17,13,18,10,1,1,-1,0,3,0,1,-1,1,-1,6/10/2019,0.0,0.0,0.0,1.0,0.0
"Jun 3-9, 2019",National,Morning Consult,"17,012",LV,B-,37,19,7,11,7,3,1,0,0,4,1,1,1,2,-1,6/9/2019,0.0,0.0,0.0,1.0,0.0
"Jun 5-9, 2019",Massachusetts,Suffolk University,370,LV,B+,22,6,5,10,8,1,1,0,0,1,0,0,1,0,-1,6/9/2019,0.5,0.5,0.0,0.0,0.0
"May 31-Jun 9, 2019",Texas,YouGov,483,LV,B,23,12,5,14,8,1,0,0,0,15,1,3,3,1,-1,6/9/2019,0.0,0.0,0.0,1.0,0.0
"May 29-Jun 6, 2019",Virginia,Hampton University,"1,126",RV,C+,36,17,7,13,11,2,1,0,0,3,0,2,0,0,-1,6/6/2019,0.0,0.0,0.0,0.0,1.0
"May 29-Jun 5, 2019",National,Ipsos,"2,271",RV,B+,31,14,6,9,5,2,1,1,0,3,0,1,1,2,-1,6/5/2019,0.0,0.0,0.0,1.0,0.0
"Jun 2-5, 2019",Iowa,Selzer & Co.,600,LV,A+,24,16,7,15,14,1,1,0,0,2,1,1,1,2,-1,6/5/2019,0.5,0.5,0.0,0.0,0.0
"May 29-Jun 4, 2019",Texas,Quinnipiac University,407,RV,A-,30,15,4,11,3,1,1,0,1,16,2,4,0,0,-1,6/4/2019,0.5,0.5,0.0,0.0,0.0
"Jun 2-4, 2019",National,YouGov,550,LV,B,27,16,8,11,9,2,1,2,0,2,1,0,1,1,-1,6/4/2019,0.0,0.0,0.0,1.0,0.0
"May 31-Jun 3, 2019",National,Avalanche Strategy,"1,109",LV,Missing,29,17,12,16,13,-1,-1,-1,-1,4,-1,-1,-1,-1,-1,6/3/2019,0.0,0.0,0.0,1.0,0.0
"May 30-Jun 3, 2019",Texas,Change Research,"1,218",LV,C+,24,13,8,12,8,1,1,0,0,27,0,2,0,1,-1,6/3/2019,0.0,0.0,0.0,1.0,0.0
"May 31-Jun 3, 2019",North Carolina,Emerson College,397,LV,B+,39,22,5,15,8,1,1,1,0,3,0,0,0,1,-1,6/3/2019,0.0,527.0,0.0,405.0,0.0
"Jun 1-2, 2019",National,HarrisX,431,RV,C+,35,16,4,5,8,3,0,0,1,4,0,0,0,1,-1,6/2/2019,0.0,0.0,0.0,1.0,0.0
"May 27-Jun 2, 2019",National,Morning Consult,"16,587",LV,B-,38,19,7,10,7,3,1,1,1,4,1,1,1,1,-1,6/2/2019,0.0,0.0,0.0,1.0,0.0
"May 1-31, 2019",California,Capitol Weekly,951,LV,Missing,29,22,17,11,9,2,0,0,0,4,-1,1,0,1,-1,5/31/2019,0.0,0.0,0.0,1.0,0.0
"May 28-31, 2019",National,CNN/SSRS,412,RV,A-,32,18,8,7,5,3,1,0,0,5,0,2,1,2,-1,5/31/2019,651.0,355.0,0.0,0.0,0.0
"May 29-30, 2019",National,Harris Interactive,471,RV,C+,36,17,8,5,5,3,1,-1,0,4,1,1,0,0,-1,5/30/2019,0.0,0.0,0.0,1.0,0.0
"May 23-29, 2019",Arizona,Zogby Interactive/JZ Analytics,197,LV,C,35,16,4,10,6,2,0,-1,-1,2,-1,2,1,0,-1,5/29/2019,0.0,0.0,0.0,1.0,0.0
"May 23-29, 2019",Florida,Zogby Interactive/JZ Analytics,228,LV,C,34,18,2,7,6,2,1,-1,-1,4,0,1,2,1,-1,5/29/2019,0.0,0.0,0.0,1.0,0.0
"May 23-29, 2019",Michigan,Zogby Interactive/JZ Analytics,268,LV,C,27,18,7,8,9,1,2,-1,-1,4,1,1,1,1,-1,5/29/2019,0.0,0.0,0.0,1.0,0.0
"May 23-29, 2019",Ohio,Zogby Interactive/JZ Analytics,222,LV,C,29,19,5,12,6,3,3,-1,-1,2,1,0,1,1,-1,5/29/2019,0.0,0.0,0.0,1.0,0.0
"May 23-29, 2019",Pennsylvania,Zogby Interactive/JZ Analytics,246,LV,C,46,15,3,8,9,2,1,-1,-1,2,0,1,0,0,-1,5/29/2019,0.0,0.0,0.0,1.0,0.0
"May 23-29, 2019",South Carolina,Zogby Interactive/JZ Analytics,183,LV,C,36,13,4,12,7,4,0,-1,-1,2,0,1,1,0,-1,5/29/2019,0.0,0.0,0.0,1.0,0.0
"May 23-29, 2019",Wisconsin,Zogby Interactive/JZ Analytics,238,LV,C,28,13,7,14,7,2,0,-1,-1,1,0,1,1,3,-1,5/29/2019,0.0,0.0,0.0,1.0,0.0
"May 25-28, 2019",California,Change Research,"1,649",LV,C+,30,23,15,12,12,1,1,-1,0,3,-1,1,1,0,-1,5/28/2019,0.0,0.0,0.0,1.0,0.0
"May 20-26, 2019",National,Morning Consult,"16,368",LV,B-,38,20,7,9,7,3,1,0,1,4,1,1,1,1,-1,5/26/2019,0.0,0.0,0.0,1.0,0.0
"May 23-25, 2019",National,HarrisX,881,RV,C+,33,15,6,7,5,3,1,-1,0,3,1,1,0,1,-1,5/25/2019,0.0,0.0,0.0,1.0,0.0
"May 22-24, 2019",South Carolina,Tel Opinion Research,600,LV,B,37,10,7,8,3,2,-1,-1,-1,-1,-1,-1,-1,-1,-1,5/24/2019,288.0,312.0,0.0,0.0,0.0
"May 20-22, 2019",New Hampshire,Tel Opinion Research,600,LV,B,33,12,7,11,7,-1,-1,-1,-1,1,-1,-1,-1,-1,-1,5/22/2019,200.0,400.0,0.0,0.0,0.0
"May 18-21, 2019",National,Change Research,"1,420",LV,C+,31,22,8,15,9,2,2,1,0,4,0,0,1,1,-1,5/21/2019,0.0,0.0,0.0,1.0,0.0
"May 20-21, 2019",National,Echelon Insights,447,RV,Missing,38,16,5,5,5,2,1,0,0,5,0,1,0,2,-1,5/21/2019,0.0,0.0,0.0,1.0,0.0
"May 16-20, 2019",National,Monmouth University,334,RV,A+,33,15,11,10,6,1,1,1,1,4,0,1,1,3,-1,5/20/2019,480.0,322.0,0.0,0.0,0.0
"May 16-20, 2019",National,Quinnipiac University,454,RV,A-,35,16,8,13,5,3,1,0,0,2,0,1,1,2,-1,5/20/2019,0.5,0.5,0.0,0.0,0.0
"May 15-19, 2019",Iowa,Change Research,615,LV,C+,24,24,10,12,14,1,2,-1,0,5,1,0,1,2,-1,5/19/2019,0.0,0.0,0.0,1.0,0.0
"May 16-19, 2019",Florida,Florida Atlantic University,403,LV,C+,39,12,7,12,9,1,1,-1,0,5,0,2,0,1,-1,5/19/2019,0.0,604.0,0.0,403.0,0.0
"May 13-19, 2019",National,Morning Consult,"14,830",LV,B-,39,19,8,9,6,3,1,1,0,4,1,1,1,1,-1,5/19/2019,0.0,0.0,0.0,1.0,0.0
"May 17-18, 2019",National,HarrisX,448,RV,C+,33,14,6,8,6,1,1,0,0,5,0,1,0,1,-1,5/18/2019,0.0,0.0,0.0,1.0,0.0
"May 14-16, 2019",South Carolina,Crantford Research,381,LV,Missing,42,7,10,8,8,4,-1,-1,-1,-1,-1,-1,-1,-1,-1,5/16/2019,0.0,0.0,0.0,1.0,0.0
"May 11-14, 2019",National,Fox News,469,LV,A,35,17,5,9,6,3,1,-1,1,4,1,2,1,2,-1,5/14/2019,777.0,231.0,0.0,0.0,0.0
"May 10-14, 2019",National,Ipsos,964,RV,B+,32,14,7,7,4,2,1,0,0,6,0,1,0,1,-1,5/14/2019,0.0,0.0,0.0,1.0,0.0
"May 9-14, 2019",Pennsylvania,Quinnipiac University,431,RV,A-,39,13,8,8,6,5,0,-1,0,2,0,0,0,1,-1,5/14/2019,0.5,0.5,0.0,0.0,0.0
"May 10-13, 2019",National,Emerson College,429,LV,B+,33,25,10,10,8,1,1,-1,0,3,0,2,1,1,-1,5/13/2019,0.0,604.0,0.0,402.0,0.0
"May 8-13, 2019",National,HarrisX,"2,207",RV,C+,39,20,6,8,5,4,1,-1,1,5,1,1,0,2,-1,5/13/2019,0.0,0.0,0.0,1.0,0.0
"May 9-12, 2019",Nevada,Change Research,389,LV,C+,29,24,11,12,13,2,1,-1,-1,4,-1,1,1,1,-1,5/12/2019,0.0,0.0,0.0,1.0,0.0
"May 6-12, 2019",National,Morning Consult,"15,342",LV,B-,39,19,8,8,6,3,1,0,-1,5,0,1,1,2,-1,5/12/2019,0.0,0.0,0.0,1.0,0.0
"May 7-11, 2019",National,McLaughlin & Associates,360,LV,C-,30,19,7,7,4,5,2,0,0,5,0,1,0,2,-1,5/11/2019,0.0,0.0,0.0,1.0,0.0
"May 8-10, 2019",Michigan,Denno Research,235,LV,Missing,37,16,4,9,5,3,0,-1,0,1,0,0,1,1,-1,5/10/2019,210.0,390.0,0.0,0.0,0.0
"May 6-9, 2019",South Carolina,Change Research,595,LV,C+,46,15,10,8,8,4,2,-1,1,2,0,0,0,1,-1,5/9/2019,0.0,0.0,0.0,1.0,0.0
"May 2-9, 2019",National,Zogby Interactive/JZ Analytics,463,LV,C,37,15,5,6,7,3,2,-1,-1,5,1,1,1,2,-1,5/9/2019,0.0,0.0,0.0,1.0,0.0
8-May-19,Florida,Tel Opinion Research,800,LV,B,39,16,5,5,3,1,-1,-1,-1,1,-1,-1,-1,1,-1,5/8/2019,464.0,336.0,0.0,0.0,0.0
"May 2-7, 2019",New Hampshire,Monmouth University,376,LV,A+,36,18,6,8,9,2,1,0,0,2,0,0,0,2,-1,5/7/2019,158.0,218.0,0.0,0.0,0.0
"May 3-5, 2019",New Hampshire,Change Research,864,LV,C+,26,30,8,9,12,2,2,-1,0,3,2,0,1,1,-1,5/5/2019,0.0,0.0,0.0,1.0,0.0
"May 1-5, 2019",National,GBAO,800,LV,B,36,13,6,8,5,3,-1,-1,-1,4,-1,1,-1,1,-1,5/5/2019,0.5,0.5,0.0,0.0,0.0
"Apr 29-May 5, 2019",National,Morning Consult,"15,770",LV,B-,40,19,7,8,6,3,1,-1,-1,5,1,1,1,2,-1,5/5/2019,0.0,0.0,0.0,1.0,0.0
"Apr 29-May 5, 2019",Indiana,We Ask America,280,LV,C,33,23,3,2,20,1,-1,-1,-1,2,-1,-1,-1,-1,-1,5/5/2019,0.0,0.0,0.0,1.0,0.0
"May 3-4, 2019",National,HarrisX,440,RV,C+,46,14,6,7,8,3,1,-1,1,3,1,1,1,0,-1,5/4/2019,0.0,0.0,0.0,1.0,0.0
"Apr 30-May 2, 2019",Iowa,Firehouse Strategies/Øptimus,576,LV,C-,35,14,5,10,11,2,-1,-1,-1,3,-1,-1,-1,4,-1,5/2/2019,118.0,228.0,284.0,0.0,0.0
"Apr 30-May 2, 2019",New Hampshire,Firehouse Strategies/Øptimus,551,LV,C-,34,16,7,9,10,1,-1,-1,-1,3,-1,-1,-1,1,-1,5/2/2019,128.0,221.0,238.0,0.0,0.0
"Apr 30-May 2, 2019",South Carolina,Firehouse Strategies/Øptimus,568,LV,C-,48,12,4,5,5,4,-1,-1,-1,1,-1,-1,-1,1,-1,5/2/2019,118.0,252.0,184.0,0.0,0.0
"Apr 30-May 1, 2019",National,Harris Interactive,259,RV,C+,44,14,9,5,2,3,0,-1,0,3,1,0,0,2,-1,5/1/2019,0.0,0.0,0.0,1.0,0.0
"Apr 15-30, 2019",California,Capitol Weekly,"1,041",LV,Missing,20,20,17,10,19,2,-1,-1,-1,4,-1,0,-1,3,-1,4/30/2019,0.0,0.0,0.0,1.0,0.0
"Apr 26-30, 2019",Virginia,Change Research,551,LV,C+,41,20,5,10,12,3,1,-1,0,4,0,2,0,1,-1,4/30/2019,0.0,0.0,0.0,1.0,0.0
"Apr 26-29, 2019",National,Quinnipiac University,419,RV,A-,38,11,8,12,10,2,1,-1,0,5,0,1,0,1,-1,4/29/2019,0.5,0.5,0.0,0.0,0.0
"Apr 25-28, 2019",National,CNN/SSRS,411,RV,A-,39,15,5,8,7,2,1,0,1,6,0,1,2,2,-1,4/28/2019,649.0,358.0,0.0,0.0,0.0
"Apr 25-28, 2019",Texas,Emerson College,342,LV,B+,23,17,3,7,8,1,3,-1,0,22,1,4,0,3,-1,4/28/2019,0.0,559.0,0.0,240.0,0.0
"Apr 26-28, 2019",National,HarrisX,741,RV,C+,33,16,5,6,5,3,0,-1,0,5,1,1,1,1,-1,4/28/2019,0.0,0.0,0.0,1.0,0.0
"Apr 22-28, 2019",National,Morning Consult,"15,475",LV,B-,36,22,7,9,8,3,2,-1,-1,5,1,1,1,2,-1,4/28/2019,0.0,0.0,0.0,1.0,0.0
"Apr 25-28, 2019",New Hampshire,Suffolk University,429,LV,B+,20,12,6,8,12,3,1,0,0,3,1,0,1,1,-1,4/28/2019,0.5,0.5,0.0,0.0,0.0
"Apr 22-25, 2019",National,ABC News/Washington Post,427,A,A+,17,11,4,4,5,1,0,-1,-1,4,-1,0,-1,1,-1,4/25/2019,650.0,350.0,0.0,0.0,0.0
"Apr 17-23, 2019",National,Ipsos,"2,237",A,B+,24,15,6,5,7,3,1,-1,0,6,0,1,0,1,-1,4/23/2019,0.0,0.0,0.0,1.0,0.0
"Apr 18-22, 2019",Texas,Change Research,"1,578",LV,C+,20,19,5,5,15,2,1,-1,-1,25,-1,4,0,1,-1,4/22/2019,0.0,0.0,0.0,1.0,0.0
"Apr 15-21, 2019",National,Morning Consult,"14,335",LV,B-,30,24,8,7,9,4,2,-1,-1,6,0,1,1,2,-1,4/21/2019,0.0,0.0,0.0,1.0,0.0
"Apr 17-19, 2019",National,Echelon Insights,499,RV,Missing,26,22,6,3,7,3,2,0,0,9,1,1,0,1,-1,4/19/2019,0.0,0.0,0.0,1.0,0.0
"Apr 17-18, 2019",Iowa,Gravis Marketing,590,LV,C+,19,19,6,6,14,4,1,-1,-1,5,2,0,1,4,-1,4/18/2019,0.5,0.5,0.0,0.5,0.0
"Apr 10-18, 2019",New Hampshire,University of New Hampshire,241,LV,B,18,30,4,5,15,3,2,-1,0,3,0,0,1,2,-1,4/18/2019,193.0,48.0,0.0,0.0,0.0
"Apr 15-18, 2019",Wisconsin,Zogby Interactive/JZ Analytics,485,LV,C,24,20,7,6,10,4,1,-1,-1,5,0,1,0,4,-1,4/18/2019,0.0,0.0,0.0,1.0,0.0
"Apr 12-15, 2019",National,Change Research,"2,518",LV,C+,21,20,7,8,17,4,2,-1,0,9,0,1,2,2,-1,4/15/2019,0.0,0.0,0.0,1.0,0.0
"Apr 11-15, 2019",National,Monmouth University,330,RV,A+,27,20,8,6,8,2,0,1,0,4,0,0,0,1,-1,4/15/2019,481.0,320.0,0.0,0.0,0.0
"Mar 15-Apr 15, 2019",National,USC Dornsife/LA Times,"2,196",LV,C,27,16,7,4,2,2,1,-1,0,7,0,1,1,1,-1,4/15/2019,0.0,0.0,0.0,0.0,1.0
"Apr 11-14, 2019",National,Emerson College,356,LV,B+,24,29,8,7,9,2,3,-1,0,8,1,3,1,1,-1,4/14/2019,0.0,599.0,0.0,315.0,0.0
"Apr 8-14, 2019",National,Morning Consult,"12,550",LV,B-,31,23,9,7,7,4,1,-1,-1,8,1,1,1,2,-1,4/14/2019,0.0,0.0,0.0,1.0,0.0
"Apr 3-10, 2019",Pennsylvania,Muhlenberg College,405,RV,A,28,16,8,8,4,3,-1,-1,-1,3,-1,-1,-1,3,-1,4/10/2019,247.0,158.0,0.0,0.0,0.0
"Apr 6-9, 2019",California,Change Research,"2,003",LV,C+,21,22,19,8,9,3,1,-1,0,10,0,2,1,1,-1,4/9/2019,0.0,0.0,0.0,1.0,0.0
"Apr 4-9, 2019",Iowa,Monmouth University,351,LV,A+,27,16,7,7,9,3,1,0,0,6,1,2,0,4,-1,4/9/2019,176.0,175.0,0.0,0.0,0.0
"Apr 3-8, 2019",California,Quinnipiac University,482,RV,A-,26,18,17,7,7,2,1,-1,0,4,0,2,1,2,-1,4/8/2019,0.5,0.5,0.0,0.0,0.0
"Apr 3-8, 2019",New Hampshire,Saint Anselm College,326,LV,Missing,23,16,7,9,11,4,-1,-1,-1,6,1,-1,1,2,-1,4/8/2019,0.5,0.5,0.0,0.0,0.0
"Apr 4-7, 2019",Massachusetts,Emerson College,371,LV,B+,23,26,7,14,11,2,1,-1,-1,8,1,1,1,2,-1,4/7/2019,0.0,545.0,0.0,216.0,0.0
"Apr 1-7, 2019",National,Morning Consult,"13,644",LV,B-,32,23,9,7,5,4,1,-1,-1,8,1,1,1,2,-1,4/7/2019,0.0,0.0,0.0,1.0,0.0
"Apr 5-6, 2019",National,HarrisX,370,RV,C+,36,19,9,6,4,6,1,-1,-1,7,0,1,0,2,-1,4/6/2019,0.0,0.0,0.0,1.0,0.0
"Mar 31-Apr 4, 2019",South Carolina,Change Research,744,LV,C+,32,14,10,6,7,9,1,-1,0,9,0,1,0,1,-1,4/4/2019,0.0,0.0,0.0,1.0,0.0
"Mar 29-31, 2019",National,HarrisX,743,RV,C+,29,18,6,5,3,4,1,-1,1,6,1,1,0,2,-1,3/31/2019,0.0,0.0,0.0,1.0,0.0
"Mar 25-31, 2019",National,Morning Consult,"12,940",LV,B-,33,25,8,7,3,4,-1,-1,-1,8,1,1,1,2,-1,3/31/2019,0.0,0.0,0.0,1.0,0.0
"Mar 28-30, 2019",Nevada,Emerson College,310,LV,B+,26,23,9,10,5,2,3,-1,-1,10,-1,1,2,2,-1,3/30/2019,0.0,513.0,0.0,216.0,0.0
"Mar 26-28, 2019",Pennsylvania,Emerson College,359,LV,B+,39,20,5,11,6,4,1,-1,-1,5,-1,1,3,0,-1,3/28/2019,0.0,565.0,0.0,242.0,0.0
"Mar 25-26, 2019",National,Harris Interactive,263,RV,C+,35,17,5,6,2,4,1,-1,-1,7,-1,1,2,2,-1,3/26/2019,0.0,0.0,0.0,1.0,0.0
"Mar 21-25, 2019",National,Quinnipiac University,559,RV,A-,29,19,8,4,4,2,0,-1,0,12,0,1,0,2,-1,3/25/2019,0.5,0.5,0.0,0.0,0.0
"Mar 21-24, 2019",Iowa,David Binder Research,500,LV,Missing,25,17,9,8,6,7,1,-1,0,6,3,1,1,6,-1,3/24/2019,0.5,0.5,0.0,0.0,0.0
"Mar 21-24, 2019",Iowa,Emerson College,249,LV,B+,25,24,10,9,11,6,0,-1,-1,5,-1,1,1,2,-1,3/24/2019,0.0,424.0,0.0,283.0,0.0
"Mar 20-24, 2019",National,McLaughlin & Associates,447,LV,C-,28,17,8,5,3,3,0,0,1,8,1,0,0,1,-1,3/24/2019,0.0,0.0,0.0,1.0,0.0
"Mar 18-24, 2019",National,Morning Consult,"13,725",LV,B-,35,25,8,7,2,4,-1,-1,-1,8,1,1,1,2,-1,3/24/2019,0.0,0.0,0.0,1.0,0.0
"Mar 20-23, 2019",Alabama,Change Research,"1,200",LV,C+,42,13,12,6,3,9,1,0,0,10,0,1,0,1,-1,3/23/2019,0.0,0.0,0.0,1.0,0.0
21-Mar-19,Florida,Tel Opinion Research,800,LV,B,37,13,4,6,-1,2,-1,-1,-1,5,-1,-1,-1,1,-1,3/21/2019,0.5,0.5,0.0,0.0,0.0
"Mar 17-20, 2019",National,Fox News,403,LV,A,31,23,8,4,1,4,1,1,-1,8,1,1,0,1,-1,3/20/2019,786.0,216.0,0.0,0.0,0.0
"Mar 18-19, 2019",Oregon,Zogby Interactive/JZ Analytics,238,LV,C,26,27,6,6,3,4,4,-1,-1,8,1,-1,1,-1,-1,3/19/2019,0.0,0.0,0.0,1.0,0.0
"Mar 17-18, 2019",National,Emerson College,487,LV,B+,26,26,12,8,3,3,1,-1,-1,11,-1,1,1,1,-1,3/18/2019,0.0,599.0,0.0,315.0,0.0
"Mar 14-17, 2019",National,CNN/SSRS,411,RV,A-,28,19,11,7,1,3,-1,-1,-1,12,0,0,1,3,-1,3/17/2019,655.0,348.0,0.0,0.0,0.0
"Mar 15-17, 2019",Wisconsin,Emerson College,324,LV,B+,24,39,5,14,1,2,1,-1,-1,6,-1,0,0,4,-1,3/17/2019,0.0,562.0,0.0,213.0,0.0
"Mar 11-17, 2019",National,Morning Consult,"13,551",LV,B-,35,27,8,7,1,4,-1,-1,-1,8,1,1,1,2,-1,3/17/2019,0.0,0.0,0.0,1.0,0.0
"Mar 14-15, 2019",Iowa,Public Policy Polling*,678,LV,B,29,15,5,8,-1,4,-1,-1,-1,7,-1,-1,-1,6,-1,3/15/2019,0.5,0.0,0.0,0.5,0.0
"Mar 8-10, 2019",National,Change Research,"1,919",LV,C+,36,24,9,9,2,3,1,0,0,7,0,1,1,2,-1,3/10/2019,0.0,0.0,0.0,1.0,0.0
"Mar 7-10, 2019",Michigan,Emerson College,317,LV,B+,40,23,12,11,0,3,-1,-1,-1,2,-1,0,0,5,-1,3/10/2019,0.0,520.0,0.0,223.0,0.0
"Mar 8-10, 2019",National,HarrisX,740,RV,C+,27,19,8,4,0,4,1,-1,0,6,2,1,0,2,-1,3/10/2019,0.0,0.0,0.0,1.0,0.0
"Mar 4-10, 2019",National,Morning Consult,"15,226",LV,B-,31,27,10,7,1,4,-1,-1,-1,7,1,1,1,3,-1,3/10/2019,0.0,0.0,0.0,1.0,0.0
"Mar 3-6, 2019",Iowa,Selzer & Co.,401,LV,A+,27,25,7,9,1,3,0,0,0,5,1,1,0,3,-1,3/6/2019,0.5,0.5,0.0,0.0,0.0
"Mar 1-4, 2019",Florida,Bendixen & Amandi International,300,LV,B-,26,11,9,4,0,1,0,-1,-1,1,0,0,0,1,-1,3/4/2019,0.5,0.5,0.0,0.0,0.0
"Mar 1-4, 2019",National,Monmouth University,310,RV,A+,28,25,10,8,0,5,1,1,0,6,0,1,0,3,-1,3/4/2019,480.0,322.0,0.0,0.0,0.0
"Feb 25-Mar 3, 2019",National,GBAO,817,LV,B,28,20,9,5,0,3,-1,-1,-1,7,0,1,1,2,-1,3/3/2019,0.5,0.5,0.0,0.0,0.0
"Feb 25-Mar 3, 2019",National,Morning Consult,"12,560",LV,B-,31,27,11,7,1,4,-1,-1,-1,6,0,1,1,3,-1,3/3/2019,0.0,0.0,0.0,1.0,0.0
"Feb 28-Mar 2, 2019",South Carolina,Emerson College,291,LV,B+,37,21,9,5,0,6,-1,-1,-1,5,0,0,2,1,-1,3/2/2019,0.0,423.0,0.0,332.0,0.0
"Feb 18-26, 2019",New Hampshire,University of New Hampshire,240,LV,B,22,26,10,7,1,3,-1,-1,-1,5,0,-1,1,4,-1,2/26/2019,192.0,48.0,0.0,0.0,0.0
"Feb 18-24, 2019",National,Morning Consult,"15,642",LV,B-,29,27,10,7,1,4,-1,-1,-1,7,1,1,1,3,-1,2/24/2019,0.0,0.0,0.0,1.0,0.0
"Feb 22-23, 2019",National,D-CYFOR,453,RV,Missing,39,14,8,5,0,4,-1,-1,-1,3,1,0,1,2,-1,2/23/2019,0.0,0.0,0.0,1.0,0.0
"Feb 21-22, 2019",New Hampshire,Emerson College,405,LV,B+,25,27,12,9,1,5,-1,-1,-1,5,1,0,0,8,-1,2/22/2019,0.0,605.0,0.0,305.0,0.0
"Feb 19-20, 2019",National,Harris Interactive,337,RV,C+,37,22,10,4,-1,2,-1,-1,-1,6,-1,2,1,-1,-1,2/20/2019,0.0,0.0,0.0,1.0,0.0
"Feb 15-18, 2019",South Carolina,Change Research,600,LV,C+,36,14,13,9,-1,10,1,0,0,8,0,1,1,1,-1,2/18/2019,0.0,0.0,0.0,1.0,0.0
"Feb 17-18, 2019",National,HarrisX,370,RV,C+,25,11,12,5,-1,4,-1,-1,-1,6,-1,-1,-1,2,-1,2/18/2019,0.0,0.0,0.0,1.0,0.0
"Feb 11-17, 2019",National,Morning Consult,"15,383",LV,B-,30,21,11,8,0,5,-1,-1,-1,7,0,1,1,4,-1,2/17/2019,0.0,0.0,0.0,1.0,0.0
"Feb 14-16, 2019",National,Emerson College,431,LV,B+,27,17,15,9,0,9,-1,-1,-1,4,0,1,2,5,-1,2/16/2019,0.0,700.0,0.0,300.0,0.0
"Feb 7-15, 2019",New Hampshire,YouGov,337,LV,B,28,20,14,9,-1,3,-1,-1,-1,6,-1,1,-1,1,-1,2/15/2019,0.0,0.0,0.0,1.0,0.0
"Feb 9-11, 2019",National,Bold Blue Campaigns,500,LV,Missing,12,9,11,3,-1,0,-1,-1,-1,7,-1,0,-1,1,-1,2/11/2019,0.5,0.5,0.0,0.0,0.0
"Feb 9-11, 2019",California,Change Research,948,LV,C+,26,20,26,7,1,3,0,-1,0,8,0,2,1,1,-1,2/11/2019,0.0,0.0,0.0,1.0,0.0
"Feb 6-10, 2019",National,McLaughlin & Associates,450,LV,C-,25,16,8,5,0,3,0,0,-1,6,0,1,0,1,-1,2/10/2019,0.0,0.0,0.0,1.0,0.0
"Feb 4-10, 2019",National,Morning Consult,"11,627",LV,B-,29,22,13,8,0,5,-1,-1,-1,7,0,1,1,3,-1,2/10/2019,0.0,0.0,0.0,1.0,0.0
"Jan 28-Feb 3, 2019",National,Morning Consult,"14,494",LV,B-,30,21,14,9,0,4,-1,-1,-1,6,0,2,1,2,-1,2/3/2019,0.0,0.0,0.0,1.0,0.0
"Jan 30-Feb 2, 2019",Iowa,Emerson College,260,LV,B+,29,15,18,11,0,4,0,-1,-1,6,1,2,0,3,-1,2/2/2019,0.0,582.0,0.0,249.0,0.0
"Jan 31-Feb 2, 2019",Iowa,Firehouse Strategies/Øptimus,558,LV,C-,25,10,17,11,-1,4,-1,-1,-1,4,-1,-1,-1,5,-1,2/2/2019,121.0,243.0,212.0,0.0,0.0
"Jan 31-Feb 2, 2019",New Hampshire,Firehouse Strategies/Øptimus,518,LV,C-,22,13,13,9,-1,4,-1,-1,-1,2,-1,-1,-1,2,-1,2/2/2019,115.0,228.0,208.0,0.0,0.0
"Jan 31-Feb 2, 2019",South Carolina,Firehouse Strategies/Øptimus,557,LV,C-,36,8,12,4,-1,5,-1,-1,-1,2,-1,-1,-1,1,-1,2/2/2019,128.0,252.0,190.0,0.0,0.0
"Feb 1-2, 2019",National,Morning Consult,737,RV,B-,29,16,14,6,0,5,-1,-1,-1,5,0,0,1,2,-1,2/2/2019,0.0,0.0,0.0,1.0,0.0
"Jan 25-27, 2019",National,Monmouth University,313,RV,A+,29,16,11,8,0,4,1,-1,-1,7,0,1,1,2,-1,1/27/2019,400.0,405.0,0.0,0.0,0.0
"Jan 21-27, 2019",National,Morning Consult,"14,381",LV,B-,31,21,11,9,-1,3,-1,-1,-1,7,0,2,0,2,-1,1/27/2019,0.0,0.0,0.0,1.0,0.0
"Jan 21-24, 2019",National,ABC News/Washington Post,447,A,A+,9,4,8,2,-1,1,-1,-1,-1,3,-1,0,-1,1,-1,1/24/2019,650.0,350.0,0.0,0.0,0.0
"Jan 18-22, 2019",National,Morning Consult,694,RV,B-,26,16,9,6,-1,4,-1,-1,-1,6,0,2,1,2,-1,1/22/2019,0.0,0.0,0.0,1.0,0.0
"Jan 20-21, 2019",National,Emerson College,355,LV,B+,45,5,3,3,-1,8,-1,-1,-1,3,2,8,2,1,-1,1/21/2019,0.0,637.0,0.0,305.0,0.0
"Jan 14-20, 2019",National,Morning Consult,"14,250",LV,B-,30,23,6,11,-1,3,-1,-1,-1,8,0,2,-1,2,-1,1/20/2019,0.0,0.0,0.0,1.0,0.0
"Jan 18-20, 2019",National,Zogby Interactive/JZ Analytics,410,LV,C,27,18,6,9,-1,1,-1,-1,-1,6,1,0,0,-1,-1,1/20/2019,0.0,0.0,0.0,1.0,0.0
"Jan 15-16, 2019",National,Harris Interactive,479,RV,C+,23,21,7,4,-1,3,-1,-1,-1,8,-1,1,2,-1,-1,1/16/2019,0.0,0.0,0.0,1.0,0.0
"Jan 11-14, 2019",National,Morning Consult,674,RV,B-,32,15,6,9,-1,2,-1,-1,-1,8,1,0,-1,1,-1,1/14/2019,0.0,0.0,0.0,1.0,0.0
"Jan 7-13, 2019",National,Morning Consult,"4,749",LV,B-,31,23,7,11,-1,3,-1,-1,-1,8,0,2,-1,2,-1,1/13/2019,0.0,0.0,0.0,1.0,0.0
"Jan 4-6, 2019",National,Morning Consult,699,RV,B-,27,16,3,4,-1,3,-1,-1,-1,7,0,0,-1,2,-1,1/6/2019,0.0,0.0,0.0,1.0,0.0
"Jan 2-3, 2019",New Hampshire,Change Research,"1,162",LV,C+,24,26,4,11,-1,3,-1,-1,-1,9,0,0,-1,2,1,1/3/2019,0.0,0.0,0.0,1.0,0.0
"Dec 13-17, 2018",Iowa,Change Research,"1,291",LV,C+,20,20,7,7,-1,4,-1,-1,-1,19,1,1,-1,5,0,12/17/2018,0.0,0.0,0.0,1.0,0.0
"Dec 13-17, 2018",National,Change Research,"2,968",LV,C+,21,16,8,7,-1,4,-1,-1,-1,21,0,2,-1,3,1,12/17/2018,0.0,0.0,0.0,1.0,0.0
"Dec 14-16, 2018",National,Morning Consult,706,RV,B-,25,15,3,3,-1,3,-1,-1,-1,8,0,1,-1,1,-1,12/16/2018,0.0,0.0,0.0,1.0,0.0
"Dec 10-14, 2018",National,McLaughlin & Associates,468,LV,C-,17,18,3,4,-1,2,-1,0,-1,11,-1,-1,-1,1,-1,12/14/2018,0.0,0.0,0.0,1.0,0.0
"Dec 10-13, 2018",Iowa,Selzer & Co.,455,LV,A+,32,19,5,8,-1,4,0,-1,-1,11,1,1,-1,3,0,12/13/2018,0.5,0.5,0.0,0.0,0.0
"Dec 10-11, 2018",Iowa,David Binder Research,500,LV,Missing,30,13,7,9,-1,6,-1,-1,-1,11,1,-1,-1,10,-1,12/11/2018,0.5,0.5,0.0,0.0,0.0
"Dec 6-9, 2018",National,CNN/SSRS,463,A,A-,30,14,4,3,-1,5,-1,-1,-1,9,0,0,-1,3,0,12/9/2018,609.0,406.0,0.0,0.0,0.0
"Dec 6-9, 2018",National,Emerson College,320,LV,B+,26,22,9,7,-1,-1,-1,-1,-1,15,-1,-1,-1,-1,-1,12/9/2018,0.0,560.0,0.0,240.0,0.0
"Nov 27-28, 2018",National,Harris Interactive,449,RV,C+,28,21,3,5,-1,4,-1,-1,-1,7,-1,-1,-1,-1,-1,11/28/2018,0.0,0.0,0.0,1.0,0.0
"Nov 7-14, 2018",Massachusetts,YouGov,655,RV,B,19,14,6,11,-1,3,-1,-1,-1,10,-1,-1,-1,3,-1,11/14/2018,0.0,0.0,0.0,1.0,0.0
"Nov 7-9, 2018",National,Morning Consult,733,RV,B-,26,19,4,5,-1,3,-1,-1,-1,8,0,1,-1,1,-1,11/9/2018,0.0,0.0,0.0,1.0,0.0
"Nov 5-6, 2018",National,HarrisX,370,RV,C+,30,20,5,5,-1,5,-1,-1,-1,-1,-1,-1,-1,-1,-1,11/6/2018,0.0,0.0,0.0,1.0,0.0
